,auroc_mean,auroc_std,aupr_x_max,aupr_h_max,aupr_b,aupr_c
0,0.5,0.0809367,0.13916,14.032,52.484,1.3221
1,0.5,0.0788881,0.14967,13.1,58.728,1.3848
2,0.5,0.0809367,0.13356,13.724,79.633,1.5377
3,0.5,0.0861551,0.11641,14.977,64.569,1.4001
4,0.5,0.0894994,0.10432,15.286,88.445,1.5336
