,auroc_mean,auroc_std,aupr_x_max,aupr_h_max,aupr_b,aupr_c
0,0.5,0.021921,0.0193143,263.620981387474,31700.820267609,1.74599609375
1,0.5,0.018493,0.0277462,222.364217252398,8719.82765760784,1.53232421875
2,0.5,0.02086,0.02165965,255.935098206657,8568.45635982301,1.5033203125
3,0.5,0.02004,0.02343955,240.841777084961,10659.2365536708,1.55517578125
4,0.5,0.020945,0.02152605,261.668070766632,5082.12445262662,1.39970703125
